Date,Adj Close,returns
2017-02-17,4.415,
2017-02-16,4.476,0.01381653454133634
2017-02-15,4.542,0.01474530831099192
2017-02-14,4.577,0.007705856450902718
2017-02-13,4.53,-0.010268734979243983
2017-02-10,4.538,0.001766004415011039
2017-02-09,4.49,-0.010577346848832093
2017-02-08,4.54,0.011135857461024459
2017-02-07,4.624,0.018502202643171723
2017-02-06,4.627,0.0006487889273356648
2017-02-03,4.64,0.0028095958504430305
2017-02-02,4.55,-0.0193965517241379
2017-02-01,4.57,0.004395604395604497
2017-01-31,4.61,0.008752735229759306
2017-01-30,4.643,0.007158351409978193
2017-01-27,4.762,0.025629980615981
2017-01-26,4.617,-0.03044939101217967
2017-01-25,4.618,0.000216590859865786
2017-01-24,4.6530000000000005,0.00757903854482463
2017-01-23,4.596,-0.01225016118633148
2017-01-20,4.65,0.011749347258485698
2017-01-19,4.697,0.010107526881720367
2017-01-18,4.831,0.02852884820097942
2017-01-17,4.832,0.00020699648105970724
2017-01-16,4.918,0.017798013245033176
2017-01-13,4.955,0.007523383489223245
2017-01-12,4.9319999999999995,-0.004641775983854808
2017-01-11,4.915,-0.003446877534468666
2017-01-10,4.938,0.004679552390640831
2017-01-09,4.872,-0.013365735115431316
2017-01-06,4.89,0.003694581280788135
2017-01-05,4.87,-0.004089979550102162
2017-01-04,4.978,0.02217659137576995
2017-01-03,4.94,-0.007633587786259415
2017-01-02,4.853,-0.01761133603238879
2016-12-30,4.8,-0.010921079744487933
2016-12-29,4.824,0.0050000000000000044
2016-12-28,4.823,-0.00020729684908777897
2016-12-27,4.78,-0.008915612689197626
2016-12-26,4.718999999999999,-0.0127615062761508
2016-12-23,4.718999999999999,0.0
2016-12-22,4.717,-0.0004238186056367408
2016-12-21,4.851,0.0284078863684546
2016-12-20,4.9,0.010101010101010178
2016-12-19,4.845,-0.01122448979591849
2016-12-16,4.888,0.00887512899896804
2016-12-15,4.921,0.006751227495908421
2016-12-14,4.864,-0.01158301158301166
2016-12-13,4.95,0.01768092105263164
2016-12-12,4.912,-0.007676767676767728
2016-12-09,4.66,-0.05130293159609116
2016-12-08,4.57,-0.019313304721030013
2016-12-07,4.46,-0.02407002188183814
2016-12-06,4.468,0.001793721973094172
2016-12-05,4.535,0.014995523724261453
2016-12-02,4.5,-0.007717750826901905
2016-12-01,4.504,0.000888888888888791
2016-11-30,4.398,-0.023534635879218446
2016-11-29,4.28,-0.026830377444292734
2016-11-28,4.33,0.011682242990654164
2016-11-25,4.41,0.018475750577367223
2016-11-24,4.421,0.0024943310657596644
2016-11-23,4.399,-0.004976249717258593
2016-11-22,4.401,0.0004546487838144532
2016-11-21,4.4,-0.00022722108611666572
2016-11-18,4.285,-0.026136363636363683
2016-11-17,4.29,0.0011668611435238958
2016-11-16,4.218999999999999,-0.016550116550116695
2016-11-15,4.21,-0.0021332069210712144
2016-11-14,4.105,-0.02494061757719704
2016-11-11,4.121,0.003897685749086483
2016-11-10,4.19,0.016743508857073514
2016-11-09,4.148,-0.010023866348448854
2016-11-08,3.93,-0.052555448408871636
2016-11-07,3.9,-0.007633587786259605
2016-11-04,3.8539999999999996,-0.011794871794871863
2016-11-03,3.911,0.014789828749351424
2016-11-02,3.927,0.004091025313219129
2016-11-01,4.004,0.019607843137254777
2016-10-31,3.929,-0.018731268731268666
2016-10-28,3.88,-0.012471366759989803
2016-10-27,3.891,0.0028350515463917837
2016-10-26,3.911,0.0051400668208686755
2016-10-25,3.9539999999999997,0.010994630529276324
2016-10-24,3.949,-0.0012645422357106459
2016-10-21,3.923,-0.006583945302608205
2016-10-20,3.8930000000000002,-0.007647208768799338
2016-10-19,3.935,0.010788594913948063
2016-10-18,3.897,-0.009656925031766265
2016-10-17,3.8569999999999998,-0.010264305876315124
2016-10-14,3.8810000000000002,0.0062224526834328405
2016-10-13,3.859,-0.005668642102550951
2016-10-12,3.935,0.01969422130085516
2016-10-11,3.95,0.0038119440914866896
2016-10-10,3.9819999999999998,0.008101265822784705
2016-10-07,3.863,-0.0298844801607232
2016-10-06,3.85,-0.0033652601604969973
2016-10-05,3.805,-0.01168831168831167
2016-10-04,3.85,0.011826544021024949
2016-10-03,3.78,-0.018181818181818254
2016-09-30,3.78,0.0
2016-09-29,3.7689999999999997,-0.002910052910052942
2016-09-28,3.714,-0.014592730167153017
2016-09-27,3.697,-0.0045772751750134365
2016-09-26,3.716,0.0051393021368677655
2016-09-23,3.7510000000000003,0.009418729817007573
2016-09-22,3.755,0.0010663822980537347
2016-09-21,3.735,-0.005326231691078567
2016-09-20,3.73,-0.001338688085676009
2016-09-19,3.7289999999999996,-0.00026809651474539784
2016-09-16,3.71,-0.005095199785465188
2016-09-15,3.736,0.007008086253369339
2016-09-14,3.7460000000000004,0.0026766595289079848
2016-09-13,3.7319999999999998,-0.003737319807795162
2016-09-12,3.764,0.008574490889603438
2016-09-09,3.775,0.0029224229543039645
2016-09-08,3.91,0.03576158940397357
2016-09-07,3.91,0.0
2016-09-06,3.84,-0.01790281329923281
2016-09-05,3.7430000000000003,-0.025260416666666546
2016-09-02,3.679,-0.017098584023510686
2016-09-01,3.6210000000000004,-0.015765153574340687
2016-08-31,3.637,0.004418668876000985
2016-08-30,3.7,0.017321968655485336
2016-08-29,3.695,-0.0013513513513514425
2016-08-26,3.7039999999999997,0.0024357239512854934
2016-08-25,3.7,-0.0010799136069113283
2016-08-24,3.685,-0.004054054054054087
2016-08-23,3.74,0.014925373134328401
2016-08-22,3.7110000000000003,-0.007754010695187143
2016-08-19,3.742,0.00835354351926696
2016-08-18,3.79,0.012827365045430262
2016-08-17,3.7460000000000004,-0.01160949868073868
2016-08-16,3.792,0.01227976508275477
2016-08-15,3.815,0.006065400843881892
2016-08-12,3.765,-0.013106159895150675
2016-08-11,3.7569999999999997,-0.002124833997344077
2016-08-10,3.783,0.006920415224913561
2016-08-09,3.8,0.004493787998942613
2016-08-08,3.77,-0.007894736842105211
2016-08-05,3.6830000000000003,-0.02307692307692301
2016-08-04,3.66,-0.0062449090415422565
2016-08-03,3.5660000000000003,-0.025683060109289578
2016-08-02,3.585,0.0053280987100391706
2016-08-01,3.635,0.01394700139470009
2016-07-29,3.656,0.005777166437414128
2016-07-28,3.73,0.02024070021881834
2016-07-27,3.7689999999999997,0.010455764075066943
2016-07-26,3.845,0.020164499867338953
2016-07-25,3.8710000000000004,0.006762028608582638
2016-07-22,3.917,0.011883234306380617
2016-07-21,3.94,0.0058718406944090204
2016-07-20,3.97,0.007614213197969607
2016-07-19,3.947,-0.005793450881612124
2016-07-18,3.8782,-0.017430960222954137
2016-07-15,3.6506,-0.05868701975143114
2016-07-14,3.6152,-0.0096970361036541
2016-07-13,3.5044,-0.030648373533967755
2016-07-12,3.508,0.001027279990868636
2016-07-11,3.4823,-0.007326111744583824
2016-07-08,3.4858,0.0010050828475432435
2016-07-07,3.4371,-0.013970967927018116
2016-07-06,3.4158,-0.0061970847516802235
2016-07-05,3.4256,0.0028690204344517397
2016-07-04,3.5044,0.023003269500233466
2016-07-01,3.4628,-0.01187079100559293
2016-06-30,3.4433,-0.005631281044241739
2016-06-29,3.4761,0.009525745650974467
2016-06-28,3.3937,-0.023704726561376326
2016-06-27,3.3582,-0.010460559271591438
2016-06-24,3.3946,0.010839140015484482
2016-06-23,3.4424,0.014081187768809305
2016-06-22,3.4858,0.012607483151289699
2016-06-21,3.4672,-0.005335934362269703
2016-06-20,3.4424,-0.007152745731425915
2016-06-17,3.3671,-0.02187427376249126
2016-06-16,3.3077,-0.017641293694870993
2016-06-15,3.3759,0.020618556701030938
2016-06-14,3.344,-0.009449332029977268
2016-06-13,3.4078,0.019078947368421077
2016-06-10,3.4202,0.00363871119197135
2016-06-09,3.5044,0.02461844336588505
2016-06-08,3.5018,-0.0007419244378496056
2016-06-07,3.5106,0.002512993317722418
2016-06-06,3.438,-0.020680225602461116
2016-06-03,3.3449,-0.02707969749854572
2016-06-02,3.3635,0.00556070435588513
2016-06-01,3.3919,0.008443585550765565
2016-05-31,3.4778,0.025325039063651536
2016-05-30,3.5824,0.030076485134280302
2016-05-27,3.5487,-0.009407101384546568
2016-05-26,3.5443,-0.001239890664186999
2016-05-25,3.5248,-0.005501791609062397
2016-05-24,3.4628,-0.01758965047662274
2016-05-23,3.3954,-0.019464017558045547
2016-05-20,3.4247,0.008629322023914738
2016-05-19,3.4734,0.014220223669226427
2016-05-18,3.6239999999999997,0.04335809293487645
2016-05-17,3.6799,0.015424944812362111
2016-05-16,3.7818,0.027690969863311533
2016-05-13,3.7818,0.0
2016-05-12,3.7578,-0.0063461843566555666
2016-05-11,3.7738,0.004257810420991009
2016-05-10,3.6586,-0.03052626000317987
2016-05-09,3.6852,0.00727054064396222
2016-05-06,3.7224,0.010094431781178742
2016-05-05,3.7827,0.01619922630560935
2016-05-04,3.7286,-0.014301953631004317
2016-05-03,3.819,0.024245024942337556
2016-05-02,3.9244,0.027598847865933473
2016-04-29,3.9873,0.016027927836102324
2016-04-28,3.9333,-0.013542999021894472
2016-04-27,3.7835,-0.03808506851752979
2016-04-26,3.8172,0.008907096603673864
2016-04-25,3.7623,-0.014382269726501086
2016-04-22,3.7747,0.0032958562581399584
2016-04-21,3.7924,0.004689114366704651
2016-04-20,3.8066,0.00374433076679669
2016-04-19,3.6453,-0.0423737718699101
2016-04-18,3.3804,-0.07266891613858951
2016-04-15,3.4219999999999997,0.012306235948408432
2016-04-14,3.5594,0.04015195791934553
2016-04-13,3.6239999999999997,0.01814912625723424
2016-04-12,3.4743,-0.04130794701986747
2016-04-11,3.3884,-0.024724404916098234
2016-04-08,3.3378,-0.014933301853382056
2016-04-07,3.2289,-0.032626280783749836
2016-04-06,3.2802,0.015887763634674316
2016-04-05,3.1987,-0.02484604597280644
2016-04-04,3.2989,0.03132522587301093
2016-04-01,3.3219,0.006972020976689104
2016-03-31,3.3644,0.012793883018754322
2016-03-30,3.3795,0.004488170253239905
2016-03-29,3.2519,-0.03775706465453474
2016-03-28,3.3201,0.020972354623450918
2016-03-25,3.3201,0.0
2016-03-24,3.3201,0.0
2016-03-23,3.3476,0.008282883045691351
2016-03-22,3.4530000000000003,0.031485243159278406
2016-03-21,3.4247,-0.008195771792644139
2016-03-18,3.4139999999999997,-0.0031243612579205113
2016-03-17,3.3565,-0.016842413591095392
2016-03-16,3.2519,-0.031163414270817823
2016-03-15,3.1473,-0.03216581075678835
2016-03-14,3.1925,0.01436151622025225
2016-03-11,3.2191,0.008332028191072883
2016-03-10,3.2023,-0.005218849989127373
2016-03-09,3.3316,0.04037722886675194
2016-03-08,3.2359,-0.028724936967222926
2016-03-07,3.3662,0.04026700454278565
2016-03-04,3.2492,-0.0347572930901313
2016-03-03,3.1544,-0.02917641265542294
2016-03-02,3.1252,-0.009256910981486144
2016-03-01,3.1199,-0.0016958914629463977
2016-02-29,3.0259,-0.030129170806756582
2016-02-26,2.9178,-0.03572490829174786
2016-02-25,2.8691,-0.01669065734457474
2016-02-24,2.8177,-0.01791502561778959
2016-02-23,2.8815,0.022642580828335195
2016-02-22,2.9666,0.02953322922089196
2016-02-19,2.7566,-0.07078810759792353
2016-02-18,2.8186,0.022491475005441425
2016-02-17,2.8789,0.021393599659405307
2016-02-16,2.7265,-0.05293688561603378
2016-02-15,2.7105,-0.005868329359985334
2016-02-12,2.6272,-0.030732337207157324
2016-02-11,2.4854,-0.05397381242387346
2016-02-10,2.6059,0.04848314154663245
2016-02-09,2.582,-0.009171495452626828
2016-02-08,2.66,0.030209140201394383
2016-02-05,2.6857,0.009661654135338366
2016-02-04,2.7557,0.026063968425363904
2016-02-03,2.6777,-0.02830496788474792
2016-02-02,2.6999,0.008290697240168718
2016-02-01,2.8080000000000003,0.04003851994518327
2016-01-29,2.8904,0.029344729344729273
2016-01-28,2.8168,-0.025463603653473527
2016-01-27,2.7672,-0.0176086339108209
2016-01-26,2.7025,-0.023381034981208356
2016-01-25,2.6884,-0.0052173913043478265
2016-01-22,2.7176,0.010861478946585288
2016-01-21,2.4899,-0.08378716514571681
2016-01-20,2.4686,-0.008554560424113457
2016-01-19,2.5652,0.03913149153366281
2016-01-18,2.5076,-0.02245438952128484
2016-01-15,2.6086,0.040277556229063635
2016-01-14,2.7424,0.05129188070229239
2016-01-13,2.7521,0.0035370478413068998
2016-01-12,2.7885,0.013226263580538494
2016-01-11,2.7584,-0.010794333871256953
2016-01-08,2.7468,-0.004205336426914173
2016-01-07,2.8487,0.03709771370321833
2016-01-06,2.9595,0.03889493453154063
2016-01-05,3.0446,0.028754857239398607
2016-01-04,2.963,-0.026801550285751787
2016-01-01,2.9861,0.007796152548093114
2015-12-31,2.9861,0.0
2015-12-30,2.9861,0.0
2015-12-29,3.0224,0.01215632430260213
2015-12-28,2.9816,-0.013499205929063125
2015-12-25,3.1057,0.0416219479474109
2015-12-24,3.1057,0.0
2015-12-23,3.1057,0.0
2015-12-22,2.9772,-0.04137553530605025
2015-12-21,2.9373,-0.013401854091092243
2015-12-18,3.0259,0.030163755830184186
2015-12-17,3.0924,0.02197693248289765
2015-12-16,3.0215,-0.022927176303194918
2015-12-15,3.0827,0.02025484031110373
2015-12-14,2.9418,-0.04570668569760269
2015-12-11,3.0304,0.030117615065606094
2015-12-10,3.1411,0.036529831045406407
2015-12-09,3.1216,-0.006208016300022238
2015-12-08,3.1367,0.004837262942080949
2015-12-07,3.1323,-0.0014027481110721331
2015-12-04,3.2749,0.04552565207674881
2015-12-03,3.3228,0.014626400806131434
2015-12-02,3.3884,0.019742385939569004
2015-12-01,3.4291,0.012011568882068287
2015-11-30,3.4672,0.011110787086990762
2015-11-27,3.523,0.016093677895708373
2015-11-26,3.5735,0.014334374112971896
2015-11-25,3.6205,0.013152371624457733
2015-11-24,3.6684,0.01323021682088117
2015-11-23,3.8252,0.0427434303783666
2015-11-20,3.7835,-0.010901390776952857
2015-11-19,3.7392,-0.011708735298004553
2015-11-18,3.7348,-0.001176722293538714
2015-11-17,3.6329,-0.02728392417264649
2015-11-16,3.3547,-0.07657794048831512
2015-11-13,3.3166,-0.011357200345783403
2015-11-12,3.3449,0.008532834830850801
2015-11-11,3.3795,0.010344105952345417
2015-11-10,3.4335,0.015978695073235634
2015-11-09,3.4202,-0.0038735983690112393
2015-11-06,3.4823,0.018156832933746578
2015-11-05,3.5744,0.026448037216781968
2015-11-04,3.6878,0.03172560429722482
2015-11-03,3.6063,-0.02209989695753569
2015-11-02,3.4008,-0.056983612012311856
2015-10-30,3.3866,-0.004175488120442181
2015-10-29,3.3946,0.002362251225417825
2015-10-28,3.4433,0.014346314735167544
2015-10-27,3.3768,-0.01931286846920106
2015-10-26,3.4867,0.03254560530679937
2015-10-23,3.554,0.01930191871970629
2015-10-22,3.4867,-0.018936409679234642
2015-10-21,3.4238,-0.018039980497318368
2015-10-20,3.492,0.019919387814708815
2015-10-19,3.4796,-0.003550973654066428
2015-10-16,3.5496,0.020117254856880054
2015-10-15,3.5602,0.0029862519720532357
2015-10-14,3.4628,-0.02735801359474185
2015-10-13,3.477,0.004100727734781035
2015-10-12,3.5576,0.023180903077365547
2015-10-09,3.6311,0.020659995502586046
2015-10-08,3.5266,-0.028779157830960266
2015-10-07,3.4601,-0.01885668916236602
2015-10-06,3.3582,-0.029450015895494376
2015-10-05,3.3104,-0.014233815734619756
2015-10-02,3.088,-0.06718221362977282
2015-10-01,3.1562,0.022085492227979286
2015-09-30,3.1899,0.0106773968696534
2015-09-29,3.1597,-0.0094673814226152
2015-09-28,3.1252,-0.010918758109947139
2015-09-25,3.1713,0.014751055932420334
2015-09-24,3.088,-0.026266830637278065
2015-09-23,3.1668,0.025518134715025828
2015-09-22,3.2138,0.014841480358721787
2015-09-21,3.3228,0.03391623623125272
2015-09-18,3.3024,-0.006139400505597681
2015-09-17,3.3671,0.01959181201550394
2015-09-16,3.4096,0.012622137744646723
2015-09-15,3.3157,-0.027539887376818423
2015-09-14,3.2847,-0.009349458636185462
2015-09-11,3.2492,-0.010807684111182107
2015-09-10,3.3121,0.01935861135048626
2015-09-09,3.3246,0.003774040638869653
2015-09-08,3.3033,-0.006406785778740328
2015-09-07,3.2253,-0.023612750885478245
2015-09-04,3.3556,0.040399342696803425
2015-09-03,3.4229,0.020056025748003314
2015-09-02,3.2873,-0.03961553069035021
2015-09-01,3.3848,0.029659599063060777
2015-08-31,3.4876,0.030371070668872676
2015-08-28,3.5213,0.009662805367588043
2015-08-27,3.3981,-0.03498707863573118
2015-08-26,3.1402,-0.07589535328565958
2015-08-25,3.1456,0.0017196356919940924
2015-08-24,2.8904,-0.08112919633774157
2015-08-21,3.1633,0.09441599778577356
2015-08-20,3.2971,0.04229760060696106
2015-08-19,3.3644,0.02041187710412178
2015-08-18,3.4415,0.022916418975151637
2015-08-17,3.5053,0.01853842801104172
2015-08-14,3.5611,0.015918751604712882
2015-08-13,3.4814,-0.02238072505686454
2015-08-12,3.4902,0.0025277187338428116
2015-08-11,3.4743,-0.004555612858862027
2015-08-10,3.5709,0.02780416198946551
2015-08-07,3.5186,-0.014646167632809598
2015-08-06,3.5,-0.005286193372364057
2015-08-05,3.6852,0.052914285714285726
2015-08-04,3.6063,-0.02140996418104851
2015-08-03,3.6063,0.0
2015-07-31,3.7109,0.029004797160524644
2015-07-30,3.7649,0.01455172599638897
2015-07-29,3.7286,-0.009641690350341252
2015-07-28,3.5691,-0.04277744998122619
2015-07-27,3.5913,0.0062200554761704
2015-07-24,3.7472,0.043410464177317386
2015-07-23,3.8518,0.027914175918018796
2015-07-22,3.9599,0.028064800872319516
2015-07-21,4.0059,0.011616454960983704
2015-07-20,4.0334,0.0068648743103923585
2015-07-17,4.0715,0.009446124857440378
2015-07-16,4.083,0.0028245118506692478
2015-07-15,4.0183,-0.015846191525838892
2015-07-14,3.9357,-0.020555956499016943
2015-07-13,3.6283,-0.0781055466626014
2015-07-10,3.5635,-0.017859603671140745
2015-07-09,3.5454,-0.005079275992703804
2015-07-08,3.4735,-0.020279799176397544
2015-07-07,3.5343,0.017503958543256072
2015-07-06,3.5896,0.015646662705486206
2015-07-03,3.6867,0.027050367728994926
2015-07-02,3.7293,0.011555049231019543
2015-07-01,3.7033,-0.006971817767409381
2015-06-30,3.6993,-0.0010801177328328797
2015-06-29,3.6109,-0.02389641283486066
2015-06-26,3.7151,0.02885707164418845
2015-06-25,3.7199,0.001292024440795649
2015-06-24,3.7728,0.014220812387429815
2015-06-23,3.8154,0.011291348600508838
2015-06-22,3.7925,-0.006001991927451884
2015-06-19,3.7428,-0.013104812129202394
2015-06-18,3.8059,0.01685903601581702
2015-06-17,3.7862,-0.005176173835360842
2015-06-16,3.7846,-0.00042258729068718606
2015-06-15,3.7088,-0.020028536701368727
2015-06-12,3.6709,-0.010218938740293369
2015-06-11,3.6962,0.00689204282328587
2015-06-10,3.7467,0.013662680590877113
2015-06-09,3.6512,-0.0254890970720902
2015-06-08,3.5659,-0.0233621822962313
2015-06-05,3.5438,-0.0061975938753189965
2015-06-04,3.4822,-0.017382470794062837
2015-06-03,3.6496,0.04807305726264998
2015-06-02,3.7428,0.02553704515563348
2015-06-01,3.7538,0.00293897616757511
2015-05-29,3.8557,0.027145825563429087
2015-05-28,4.0207,0.04279378582358575
2015-05-27,4.0831,0.01551968562688095
2015-05-26,4.1534,0.017217310376919613
2015-05-25,4.2592,0.025473106370684125
2015-05-22,4.2592,0.0
2015-05-21,4.196000000000001,-0.014838467317805987
2015-05-20,4.1747,-0.005076263107721873
2015-05-19,4.2631,0.021175174264018982
2015-05-18,4.3121,0.011493983251624495
2015-05-15,4.2173,-0.02198464785139496
2015-05-14,4.2221,0.0011381689706685225
2015-05-13,4.2876,0.01551360697283345
2015-05-12,4.2781,-0.002215691762291273
2015-05-11,4.2718,-0.0014726163483790506
2015-05-08,4.2639,-0.001849337515801358
2015-05-07,4.2789,0.003517906142264258
2015-05-06,4.2797,0.00018696393933018108
2015-05-05,4.3429,0.014767390237633512
2015-05-04,4.1928,-0.034562158926063256
2015-05-01,4.1723,-0.004889334096546505
2015-04-30,4.1723,0.0
2015-04-29,4.2205,0.01155238118064388
2015-04-28,4.2552,0.00822177467124747
2015-04-27,4.2797,0.0057576612145139455
2015-04-24,4.3192,0.009229618898520997
2015-04-23,4.2876,-0.007316169661048358
2015-04-22,4.1849,-0.02395279410392771
2015-04-21,4.2252,0.009629859733804924
2015-04-20,4.256,0.007289595758780687
2015-04-17,4.1976,-0.013721804511278144
2015-04-16,4.406000000000001,0.0496474175719459
2015-04-15,4.3823,-0.005379028597367389
2015-04-14,4.1312,-0.05729867877598524
2015-04-13,4.1557,0.0059304802478700215
2015-04-10,4.1897,0.008181533796953536
2015-04-09,4.151,-0.009236938205599541
2015-04-08,3.9331,-0.05249337509033962
2015-04-07,3.8375,-0.02430652665836112
2015-04-06,3.6519999999999997,-0.048338762214983774
2015-04-03,3.6519999999999997,0.0
2015-04-02,3.6519999999999997,0.0
2015-04-01,3.6054,-0.012760131434830164
2015-03-31,3.4593,-0.040522549509069763
2015-03-30,3.449,-0.0029774809932645264
2015-03-27,3.363,-0.02493476369962304
2015-03-26,3.3022,-0.01807909604519773
2015-03-25,3.3401,0.011477197020168386
2015-03-24,3.3739999999999997,0.010149396724648842
2015-03-23,3.2872,-0.025726141078838107
2015-03-20,3.378,0.02762229252859583
2015-03-19,3.3487,-0.00867377146240382
2015-03-18,3.4301,0.02430794039478004
2015-03-17,3.3716,-0.01705489635870674
2015-03-16,3.3558,-0.004686202396488325
2015-03-13,3.4743,0.03531199713928126
2015-03-12,3.5335,0.01703940362087331
2015-03-11,3.5438,0.0029149568416584055
2015-03-10,3.5011,-0.012049212709520842
2015-03-09,3.6014,0.028648139156265125
2015-03-06,3.6638,0.0173265952129728
2015-03-05,3.6496,-0.00387575741033905
2015-03-04,3.5533,-0.026386453309951728
2015-03-03,3.6243,0.019981425716939106
2015-03-02,3.5485,-0.02091438346715218
2015-02-27,3.5003,-0.01358320417077639
2015-02-26,3.4901,-0.0029140359397766503
2015-02-25,3.4032,-0.024899000028652467
2015-02-24,3.4648,0.0181006111894687
2015-02-23,3.4435,-0.006147540983606586
2015-02-20,3.5951,0.044024974589806934
2015-02-19,3.6243,0.008122166281883645
2015-02-18,3.7412,0.03225450431807528
2015-02-17,3.5533,-0.05022452688976797
2015-02-16,3.5019,-0.014465426504939103
2015-02-13,3.5746,0.020760158770952972
2015-02-12,3.3472,-0.06361550942762834
2015-02-11,3.2192,-0.038240917782026804
2015-02-10,3.1513,-0.021092196819085442
2015-02-09,3.1821,0.009773744169073131
2015-02-06,3.1569,-0.007919298576411908
2015-02-05,3.0803,-0.02426430992429282
2015-02-04,2.9626,-0.038210563906112945
2015-02-03,2.9484,-0.004793087153176336
2015-02-02,2.8165,-0.044736128069461374
2015-01-30,2.8616,0.0160127818214096
2015-01-29,2.9760000000000004,0.039977634889572365
2015-01-28,3.1071,0.04405241935483855
2015-01-27,3.1545,0.015255382832866695
2015-01-26,3.1979,0.013758123315897956
2015-01-23,3.3843,0.05828825166515522
2015-01-22,3.2824,-0.030109623851313445
2015-01-21,3.1371,-0.04426639044601504
2015-01-20,3.1189999999999998,-0.005769659876956567
2015-01-19,3.1229,0.0012504007694774727
2015-01-16,3.1995,0.02452848314067053
2015-01-15,3.1079,-0.02862947335521179
2015-01-14,2.9847,-0.039640915087357946
2015-01-13,2.98,-0.001574697624551931
2015-01-12,3.0416,0.020671140939597276
2015-01-09,3.0953,0.017655181483429802
2015-01-08,3.2808,0.059929570639356514
2015-01-07,3.0684,-0.0647403072421361
2015-01-06,2.9610000000000003,-0.035001955416503625
2015-01-05,2.9689,0.0026680175616345136
2015-01-02,2.9531,-0.005321836370372877
2015-01-01,2.9895,0.01232603027327215
2014-12-31,2.9895,0.0
2014-12-30,2.9895,0.0
2014-12-29,3.0408,0.017160060210737547
2014-12-26,3.1624,0.03998947645356483
2014-12-25,3.1624,0.0
2014-12-24,3.1624,0.0
2014-12-23,3.1624,0.0
2014-12-22,3.1411,-0.006735390842398209
2014-12-19,2.9689,-0.05482155932635054
2014-12-18,2.8110000000000004,-0.05318468119505531
2014-12-17,2.8110000000000004,0.0
2014-12-16,2.5623,-0.08847385272145156
2014-12-15,2.6349,0.02833391874487765
2014-12-12,2.9531,0.12076359634141715
2014-12-11,3.0953,0.04815278859503568
2014-12-10,3.1742,0.02549025942558071
2014-12-09,3.2216,0.014932896477852722
2014-12-08,3.2611,0.012260988328780689
2014-12-05,3.4348,0.053264235993989814
2014-12-04,3.404,-0.00896704320484458
2014-12-03,3.5919,0.05519976498237367
2014-12-02,3.4814,-0.030763662685486803
2014-12-01,3.5501,0.019733440569885737
2014-11-28,3.7230000000000003,0.04870285344074823
2014-11-27,3.8004,0.020789685737308477
2014-11-26,3.9259,0.03302283970108414
2014-11-25,3.9931,0.017117094169489838
2014-11-24,4.106,0.028273772257143517
2014-11-21,4.0547,-0.012493911349244876
2014-11-20,3.9560000000000004,-0.024342121488642808
2014-11-19,3.9031,-0.013372093023255968
2014-11-18,3.8691,-0.00871102457021337
2014-11-17,3.8525,-0.004290403452999392
2014-11-14,3.8533,0.00020765736534715428
2014-11-13,3.8857,0.008408377235097185
2014-11-12,4.0112,0.03229791285997368
2014-11-11,3.9552,-0.013960909453530018
2014-11-10,4.0649,0.02773563915857597
2014-11-07,3.9867,-0.01923786563015076
2014-11-06,3.9686,-0.004540095818596836
2014-11-05,4.0594,0.02287960489845291
2014-11-04,4.106,0.011479528994432614
2014-11-03,4.1691,0.015367754505601652
2014-10-31,4.1423,-0.006428245904391979
2014-10-30,4.2086,0.01600560075320475
2014-10-29,4.0191,-0.04502684978377603
2014-10-28,3.9875,-0.007862456768928385
2014-10-27,3.9796,-0.0019811912225704818
2014-10-24,4.031000000000001,0.012915870941803336
2014-10-23,4.0302,-0.0001984619201192756
2014-10-22,4.0468,0.004118902287727754
2014-10-21,4.106,0.014628842542255533
2014-10-20,4.0586,-0.011544081831466066
2014-10-17,4.121,0.01537475976937866
2014-10-16,4.0294,-0.022227614656636873
2014-10-15,4.0981,0.017049684816597944
2014-10-14,4.1423,0.010785485956906864
2014-10-13,4.2007,0.014098447722280057
2014-10-10,4.1589,-0.009950722498631246
2014-10-09,4.2221,0.015196325951573768
2014-10-08,4.2197,-0.0005684375074016777
2014-10-07,4.3136,0.02225276678436869
2014-10-06,4.3831,0.016111832344213574
2014-10-03,4.2434,-0.03187241906413258
2014-10-02,4.2434,0.0
2014-10-01,4.3666,0.029033322335862692
2014-09-30,4.4139,0.010832226446205262
2014-09-29,4.3587,-0.01250594712159318
2014-09-26,4.4076,0.011218941427489987
2014-09-25,4.3973,-0.002336872674471362
2014-09-24,4.485,0.01994405658017417
2014-09-23,4.3579,-0.028338907469342346
2014-09-22,4.3334,-0.005621973886504909
2014-09-19,4.3642,0.007107582960262187
2014-09-18,4.3429,-0.004880619586636748
2014-09-17,4.3918,0.01125975730502653
2014-09-16,4.4352,0.009882052916799514
2014-09-15,4.3373,-0.02207341269841272
2014-09-12,4.4605,0.02840476794319041
2014-09-11,4.4613,0.000179352090572786
2014-09-10,4.5719,0.024790980207562978
2014-09-09,4.5805,0.0018810560160982296
2014-09-08,4.5624,-0.003951533675362856
2014-09-05,4.5845,0.004843941785025427
2014-09-04,4.5308,-0.011713382048205928
2014-09-03,4.5363,0.0012139136576321216
2014-09-02,4.2718,-0.058307431166369064
2014-09-01,4.3413,0.016269488271922976
2014-08-29,4.2868,-0.012553843318821548
2014-08-28,4.3594,0.016935709620229437
2014-08-27,4.5111,0.034798366747717566
2014-08-26,4.515,0.0008645341490988434
2014-08-25,4.5308,0.0034994462901440713
2014-08-22,4.4613,-0.015339454400988911
2014-08-21,4.485,0.005312352901620766
2014-08-20,4.485,0.0
2014-08-19,4.4763,-0.0019397993311037127
2014-08-18,4.406000000000001,-0.015704934879252862
2014-08-15,4.2742,-0.029913753971856586
2014-08-14,4.3255,0.01200224603434548
2014-08-13,4.2979,-0.006380765229453156
2014-08-12,4.1881,-0.025547360338770073
2014-08-11,4.2371,0.011699816145746158
2014-08-08,4.1076,-0.03056335701305142
2014-08-07,4.1455,0.009226799104099837
2014-08-06,4.0894,-0.0135327463514654
2014-08-05,4.1676,0.01912260967379073
2014-08-04,4.2481,0.019315673289183172
2014-08-01,4.2797,0.007438619618182264
2014-07-31,4.335,0.012921466457929272
2014-07-30,4.4052,0.016193771626297537
2014-07-29,4.3587,-0.010555706891855077
2014-07-28,4.3531,-0.0012847867483422543
2014-07-25,4.4945,0.03248259860788862
2014-07-24,4.5837,0.01984647902992545
2014-07-23,4.5719,-0.002574339507384871
2014-07-22,4.638999999999999,0.014676611474441489
2014-07-21,4.4771,-0.034899762879930865
2014-07-18,4.6121,0.030153447544169168
2014-07-17,4.5853,-0.005810802020771387
2014-07-16,4.8206,0.051316162519355245
2014-07-15,4.7582,-0.012944446749367164
2014-07-14,4.6308,-0.026774830818376824
2014-07-11,4.6884,0.012438455558434801
2014-07-10,4.7062,0.0037966043852914132
2014-07-09,4.7646,0.012409162381539201
2014-07-08,4.7565,-0.0017000377786172553
2014-07-07,4.7713,0.003111531588352811
2014-07-04,4.7402,-0.006518139710351549
2014-07-03,4.8437,0.021834521750137205
2014-07-02,4.7794,-0.013274975741685126
2014-07-01,4.7099,-0.014541574256182717
2014-06-30,4.6958,-0.0029936941336334106
2014-06-27,4.7927,0.020635461476212733
2014-06-26,4.7631,-0.006176059423706949
2014-06-25,4.7994,0.007621087107136249
2014-06-24,4.9258,0.026336625411509645
2014-06-23,4.684,-0.04908847293840586
2014-06-20,4.5849,-0.021157130657557636
2014-06-19,4.596,0.0024209906431983
2014-06-18,4.5701,-0.005635335073977379
2014-06-17,4.5206,-0.01083127283866876
2014-06-16,4.5457,0.005552360306154077
2014-06-13,4.5716,0.005697692324614478
2014-06-12,4.6071,0.007765333799982471
2014-06-11,4.633,0.0056217577217772645
2014-06-10,4.5923,-0.008784804662205953
2014-06-09,4.5738,-0.00402848245976951
2014-06-06,4.511,-0.013730377366741044
2014-06-05,4.4962,-0.0032808689869208924
2014-06-04,4.437,-0.013166674080334437
2014-06-03,4.4688,0.007167004732927564
2014-06-02,4.4962,0.00613139992839243
2014-05-30,4.4466,-0.011031537742982933
2014-05-29,4.5405,0.021117258129806964
2014-05-28,4.4577,-0.018235877106045538
2014-05-27,4.4962,0.008636740920205482
2014-05-26,4.6552,0.03536319558738486
2014-05-23,4.5908,-0.013833992094861663
2014-05-22,4.5553,-0.0077328570183845665
2014-05-21,4.5849,0.006497925493381401
2014-05-20,4.5635,-0.004667495474274218
2014-05-19,4.6441,0.017661882327161073
2014-05-16,4.4999,-0.031050149652246863
2014-05-15,4.386,-0.02531167359274653
2014-05-14,4.3512,-0.007934336525307733
2014-05-13,4.3172,-0.007813936385365115
2014-05-12,4.1634,-0.035624942092096615
2014-05-09,4.2233,0.014387279627227708
2014-05-08,4.1782,-0.010678853029621314
2014-05-07,4.0680000000000005,-0.02637499401656212
2014-05-06,3.8898,-0.043805309734513354
2014-05-05,3.7929,-0.024911306493907194
2014-05-02,3.7944,0.0003954757573360903
2014-05-01,3.838,0.011490617752477356
2014-04-30,3.838,0.0
2014-04-29,3.875,0.009640437727983304
2014-04-28,3.8136,-0.015845161290322554
2014-04-25,3.7138,-0.026169498636459017
2014-04-24,3.8107,0.02609187355269541
2014-04-23,3.9445,0.035111659275198756
2014-04-22,3.9733,0.007301305615413851
2014-04-21,3.9186,-0.013766894017567253
2014-04-18,3.9186,0.0
2014-04-17,3.9186,0.0
2014-04-16,3.8454,-0.018680140866636025
2014-04-15,3.7715,-0.019217766682269745
2014-04-14,3.9216,0.03979848866498744
2014-04-11,4.0355,0.029044267645858747
2014-04-10,4.034,-0.00037170115227358615
2014-04-09,3.9637,-0.017426871591472493
2014-04-08,4.0392,0.019047859323359576
2014-04-07,4.0665,0.006758764111705148
2014-04-04,4.1841,0.02891921800073783
2014-04-03,4.0954,-0.021199302119930267
2014-04-02,4.1035,0.001977828783513372
2014-04-01,4.1338,0.007383940538564529
2014-03-31,4.1249,-0.002152982727756468
2014-03-28,3.9852,-0.03386748769667153
2014-03-27,3.9859,0.000175649904647231
2014-03-26,4.0236,0.009458340650794065
2014-03-25,3.8521,-0.04262352122477383
2014-03-24,3.679,-0.044936528127514926
2014-03-21,3.6901,0.0030171242185377365
2014-03-20,3.7374,0.012818080810818106
2014-03-19,3.7715,0.00912398993953016
2014-03-18,3.7863,0.0039241681028768785
2014-03-17,3.5821,-0.05393127855690256
2014-03-14,3.5607,-0.005974149242064673
2014-03-13,3.4527,-0.030331114668464092
2014-03-12,3.5237,0.020563616879543466
2014-03-11,3.5496,0.007350228453046523
2014-03-10,3.6524,0.02896100969123288
2014-03-07,3.6694,0.004654473770671313
2014-03-06,3.6642,-0.0014171254155992455
2014-03-05,3.7818,0.03209431799574257
2014-03-04,3.8898,0.028557829604950048
2014-03-03,3.5777,-0.08023548768574221
2014-02-28,4.1457,0.1587612153059227
2014-02-27,4.2152,0.01676435825071775
2014-02-26,4.3401,0.029630859745682137
2014-02-25,4.4437,0.02387041773231035
2014-02-24,4.5132,0.015640119720053237
2014-02-21,4.5738,0.013427279978729058
2014-02-20,4.4673,-0.023284796012068842
2014-02-19,4.4666,-0.00015669420007614107
2014-02-18,4.6981,0.05182913177808635
2014-02-17,4.6596,-0.008194802154062276
2014-02-14,4.6175,-0.009035110309897947
2014-02-13,4.5014,-0.025143475906875892
2014-02-12,4.6692,0.037277291509308155
2014-02-11,4.5849,-0.01805448470830117
2014-02-10,4.5738,-0.0024209906431983
2014-02-07,4.5487,-0.005487778215050969
2014-02-06,4.5221,-0.005847824653197656
2014-02-05,4.4119,-0.024369208995820492
2014-02-04,4.4141,0.0004986513746912219
2014-02-03,4.3705,-0.009877438209374622
2014-01-31,4.5184,0.033840521679441696
2014-01-30,4.5635,0.009981409348442057
2014-01-29,4.5694,0.0012928673167523987
2014-01-28,4.5849,0.0033921302578019635
2014-01-27,4.5479,-0.008069968810661066
2014-01-24,4.5812,0.007322060731326472
2014-01-23,4.5686,-0.0027503710818126133
2014-01-22,4.6973,0.028170555531235007
2014-01-21,4.6973,0.0
2014-01-20,4.4821,-0.04581355246631049
2014-01-17,4.4622,-0.004439883090515563
2014-01-16,4.437,-0.005647438483259354
2014-01-15,4.4962,0.013342348433626255
2014-01-14,4.4954,-0.00017792802811260883
2014-01-13,4.5479,0.01167860479601375
2014-01-10,4.5583,0.0022867697178917176
2014-01-09,4.4962,-0.013623499989031009
2014-01-08,4.5065,0.0022908233619500858
2014-01-07,4.4784,-0.006235437701098466
2014-01-06,4.4481,-0.006765809217577606
2014-01-03,4.5442,0.021604730109484913
2014-01-02,4.6441,0.021984067602658308
2014-01-01,4.5302,-0.024525742339742924
2013-12-31,4.5302,0.0
2013-12-30,4.5302,0.0
2013-12-27,4.5332,0.0006622224184362973
2013-12-26,4.6774,0.031809759110562004
2013-12-25,4.6774,0.0
2013-12-24,4.6774,0.0
2013-12-23,4.6774,0.0
2013-12-20,4.6219,-0.011865566340274393
2013-12-19,4.5849,-0.00800536575867066
2013-12-18,4.5539,-0.006761325219743196
2013-12-17,4.4592,-0.020795362217000717
2013-12-16,4.437,-0.004978471474703932
2013-12-13,4.3808,-0.012666215911652123
2013-12-12,4.4052,0.005569758948137321
2013-12-11,4.4459,0.009239081085989326
2013-12-10,4.525,0.01779167322701824
2013-12-09,4.5686,0.00963535911602202
2013-12-06,4.474,-0.02070656218535214
2013-12-05,4.4222,-0.011578006258381776
2013-12-04,4.5065,0.019062909863868622
2013-12-03,4.4829,-0.00523688006213249
2013-12-02,4.6367,0.03430814874300127
2013-11-29,4.6811,0.009575775875083474
2013-11-28,4.6899,0.001879900023498733
2013-11-27,4.7202,0.00646069212563177
2013-11-26,4.6988,-0.004533706198889848
2013-11-25,4.8585,0.03398740103856303
2013-11-22,4.965,0.021920345785736255
2013-11-21,4.9029,-0.012507552870090644
2013-11-20,4.9569,0.011013889738726116
2013-11-19,4.9524,-0.0009078254554258045
2013-11-18,5.0619,0.02211049188272347
2013-11-15,4.9524,-0.021632193445149
2013-11-14,4.8918,-0.012236491398110005
2013-11-13,4.7772,-0.023426959401447373
2013-11-12,4.8585,0.017018337101230973
2013-11-11,4.8541,-0.0009056293094577345
2013-11-08,5.022,0.03458931624812023
2013-11-07,5.0656,0.00868180007964947
2013-11-06,4.9894,-0.015042640555906516
2013-11-05,4.9961,0.0013428468352908911
2013-11-04,5.0722,0.015231880867076197
2013-11-01,5.056,-0.0031938803674933067
2013-10-31,5.1321,0.015051424050632966
2013-10-30,5.0582,-0.014399563531497841
2013-10-29,5.087,0.0056937250405281505
2013-10-28,5.0397,-0.00929821112640061
2013-10-25,5.0508,0.0022025120542889234
2013-10-24,5.1196,0.013621604498297383
2013-10-23,5.1107,-0.001738417063833224
2013-10-22,5.1691,0.01142700608527221
2013-10-21,5.2364,0.013019674604863413
2013-10-18,5.2948,0.01115270032847007
2013-10-17,5.2505,-0.00836669940318816
2013-10-16,5.3902,0.02660698981049431
2013-10-15,5.2579,-0.024544543801714197
2013-10-14,5.1617,-0.01829627798170382
2013-10-11,5.1447,-0.0032934885793439103
2013-10-10,5.2135,0.013372985791202505
2013-10-09,5.0656,-0.02836865829097534
2013-10-08,5.1321,0.013127763739734769
2013-10-07,4.9473,-0.03600865142923951
2013-10-04,4.8881,-0.011966122935742845
2013-10-03,4.7772,-0.02268775188723635
2013-10-02,4.7868,0.002009545340366893
2013-10-01,4.9391,0.03181666248850995
2013-09-30,4.8038,-0.02739365471442165
2013-09-27,4.8955,0.019089054498522075
2013-09-26,4.9436,0.009825349811050927
2013-09-25,4.9251,-0.003742212153086901
2013-09-24,4.9769,0.010517552943087465
2013-09-23,4.9177,-0.01189495469067084
2013-09-20,5.073,0.0315798035667081
2013-09-19,5.0656,-0.0014587029371181779
2013-09-18,4.9317,-0.02643319646241308
2013-09-17,4.9909,0.012003974288784738
2013-09-16,4.9125,-0.01570858963313235
2013-09-13,4.8371,-0.0153486005089057
2013-09-12,4.9236,0.01788261561679519
2013-09-11,4.9399,0.003310585750263895
2013-09-10,4.9184,-0.00435231482418665
2013-09-09,4.9465,0.005713240078074219
2013-09-06,4.7513,-0.03946224603254841
2013-09-05,4.6884,-0.01323848209963588
2013-09-04,4.4592,-0.04888661377015605
2013-09-03,4.3793,-0.017918012199497735
2013-09-02,4.3734,-0.001347247276961974
2013-08-30,4.3305,-0.009809301687474363
2013-08-29,4.3631,0.007527999076319226
2013-08-28,4.3638,0.0001604363869725986
2013-08-27,4.3535,-0.0023603281543608723
2013-08-26,4.42,0.015275066038819238
2013-08-23,4.4244,0.0009954751131222633
2013-08-22,4.4525,0.006351143657896968
2013-08-21,4.3734,-0.01776530039303751
2013-08-20,4.3845,0.002538071065989822
2013-08-19,4.3986,0.0032158741019500518
2013-08-16,4.4222,0.005365343518392231
2013-08-15,4.4222,0.0
2013-08-14,4.4769,0.01236940889150186
2013-08-13,4.4008,-0.01699836940740231
2013-08-12,4.3135,-0.019837302308671135
2013-08-09,4.2595,-0.012518836211892957
2013-08-08,4.1930000000000005,-0.015612161051766535
2013-08-07,4.1738,-0.004579060338659802
2013-08-06,4.2285,0.013105563275672149
2013-08-05,4.3143,0.02029088329194747
2013-08-02,4.3113,-0.0006953619358876558
2013-08-01,4.3779,0.015447776772667227
2013-07-31,4.3091,-0.01571529728865447
2013-07-30,4.3705,0.014248915086677008
2013-07-29,4.4,0.006749799794074025
2013-07-26,4.3364,-0.014454545454545477
2013-07-25,4.3557,0.004450696430218483
2013-07-24,4.3438,-0.0027320522533691026
2013-07-23,4.4008,0.013122151111929735
2013-07-22,4.4466,0.010407198691147028
2013-07-19,4.4673,0.004655242207529285
2013-07-18,4.5258,0.013095158149217747
2013-07-17,4.5354,0.002121171947500957
2013-07-16,4.3113,-0.04941129779071305
2013-07-15,4.2263,-0.01971563101616681
2013-07-12,4.1908,-0.008399782315500523
2013-07-11,4.0821,-0.025937768445165762
2013-07-10,3.9364,-0.035692413218686395
2013-07-09,3.9445,0.0020577177116147287
2013-07-08,3.9194,-0.0063632906578780886
2013-07-05,3.912,-0.0018880440883808933
2013-07-04,3.8905,-0.005495910020449917
2013-07-03,3.7241,-0.04277085207556867
2013-07-02,3.7397,0.004188931553932509
2013-07-01,3.7419,0.0005882824825520116
2013-06-28,3.713,-0.007723349100724152
2013-06-27,3.7123,-0.00018852679773771747
2013-06-26,3.7493,0.009966866901920621
2013-06-25,3.7138,-0.009468434107700069
2013-06-24,3.6605,-0.014351876783887158
2013-06-21,3.7027,0.011528479715885873
2013-06-20,3.7123,0.0025927026224106275
2013-06-19,3.7936,0.021900169706112155
2013-06-18,3.8602,0.017555883593420436
2013-06-17,3.909,0.012641832029428516
2013-06-14,3.8439,-0.016653875671527173
2013-06-13,3.8358,-0.0021072348396160715
2013-06-12,3.8388,0.0007821054278116987
2013-06-11,3.8254,-0.003490674169011112
2013-06-10,4.0303,0.053563026088775105
2013-06-07,4.0599,0.007344366424335509
2013-06-06,4.0525,-0.00182270499273372
2013-06-05,4.1538,0.02499691548426901
2013-06-04,4.2359,0.019765034426308347
2013-06-03,4.2965,0.01430628673953587
2013-05-31,4.3261,0.006889328523216639
2013-05-30,4.2817,-0.01026328563833486
2013-05-29,4.2891,0.0017282854940795752
2013-05-28,4.4008,0.026042759553286214
2013-05-27,4.3631,-0.008566624250136353
2013-05-24,4.3631,0.0
2013-05-23,4.4318,0.015745685407164575
2013-05-22,4.6226,0.04305248431788445
2013-05-21,4.5923,-0.00655475273655528
2013-05-20,4.6041,0.0025695185419071127
2013-05-17,4.6271,0.004995547446840985
2013-05-16,4.4866,-0.030364591212638646
2013-05-15,4.4451,-0.009249765969776688
2013-05-14,4.5376,0.02080943060898523
2013-05-13,4.5332,-0.000969675599435914
2013-05-10,4.5864,0.011735639283508417
2013-05-09,4.6463,0.013060352346066596
2013-05-08,4.524,-0.026322019671566638
2013-05-07,4.5155,-0.0018788682581785433
2013-05-06,4.4646,-0.011272284353892235
2013-05-03,4.4152,-0.011064821036599098
2013-05-02,4.2527,-0.0368046747599202
2013-05-01,4.2944,0.009805535306981568
2013-04-30,4.2944,0.0
2013-04-29,4.2753,-0.004447652757079168
2013-04-26,4.2259,-0.011554744696278495
2013-04-25,4.281000000000001,0.01303864265600236
2013-04-24,4.2584,-0.005279140387760013
2013-04-23,4.122,-0.03203080969378172
2013-04-22,4.0457,-0.018510431829209077
2013-04-19,4.1008,0.0136193983735817
2013-04-18,4.1029,0.0005120952009365087
2013-04-17,4.1496,0.011382193082941434
2013-04-16,4.2704,0.02911123963755543
2013-04-15,4.3014,0.007259273136005923
2013-04-12,4.3707,0.01611103361696195
2013-04-11,4.4152,0.01018143546800268
2013-04-10,4.5211,0.0239853234281573
2013-04-09,4.5141,-0.001548295768728777
2013-04-08,4.5063,-0.0017279191865487219
2013-04-05,4.4851,-0.00470452477642419
2013-04-04,4.5501,0.014492430492073645
2013-04-03,4.507,-0.009472319289685923
2013-04-02,4.5847,0.017239849123585557
2013-04-01,4.7182,0.029118590093136002
2013-03-29,4.7182,0.0
2013-03-28,4.7182,0.0
2013-03-27,4.8242,0.022466194735280373
2013-03-26,4.8574,0.0068819700675759495
2013-03-25,4.8744,0.003499814715691411
2013-03-22,4.9167,0.008677991137370755
2013-03-21,5.0312,0.023287977708625805
2013-03-20,5.0142,-0.0033789155668628454
2013-03-19,4.9725,-0.008316381476606363
2013-03-18,5.0382,0.013212669683257848
2013-03-15,5.1075,0.013754912468738863
2013-03-14,5.0439,-0.012452276064610886
2013-03-13,4.9429,-0.020024187632585892
2013-03-12,4.8051,-0.02787837099678316
2013-03-11,4.8178,0.002643025119144182
2013-03-08,4.7988,-0.003943708746730899
2013-03-07,4.7098,-0.018546303242477188
2013-03-06,4.7613,0.010934646906450353
2013-03-05,4.8108,0.010396320332682271
2013-03-04,4.6483,-0.033778165793631104
2013-03-01,4.755,0.02295462857388723
2013-02-28,4.8002,0.009505783385909643
2013-02-27,4.8468,0.009707928836298436
2013-02-26,4.7373,-0.022592225798464906
2013-02-25,4.8087,0.015071876385282689
2013-02-22,4.755,-0.011167259342441841
2013-02-21,4.7578,0.0005888538380651297
2013-02-20,4.7684,0.0022279204674429706
2013-02-19,4.7818,0.002810166932304307
2013-02-18,4.7147,-0.014032372746664424
2013-02-15,4.702,-0.002693702674613382
2013-02-14,4.6766,-0.005401956614206786
2013-02-13,4.791,0.024462216139930874
2013-02-12,4.6412,-0.03126695888123563
2013-02-11,4.6766,0.0076273377574763435
2013-02-08,4.8178,0.03019287516571878
2013-02-07,4.7755,-0.008779941051932418
2013-02-06,4.8037,0.0059051408229504766
2013-02-05,4.9238,0.025001561296500587
2013-02-04,4.8517,-0.014643161785612703
2013-02-01,4.904,0.010779726693736173
2013-01-31,4.8814,-0.004608482871125557
2013-01-30,4.9867,0.0215716802556643
2013-01-29,5.0524,0.013175045621352728
2013-01-28,5.0672,0.0029293009262924843
2013-01-25,5.0609,-0.0012432901799809615
2013-01-24,5.0863,0.0050188701614336225
2013-01-23,5.0933,0.0013762459941412347
2013-01-22,5.1004,0.0013939881805508098
2013-01-21,5.1696,0.013567563328366476
2013-01-18,5.1131,-0.010929278861033691
2013-01-17,5.1357,0.00442001916645474
2013-01-16,5.122999999999999,-0.002472885877290457
2013-01-15,5.1428,0.0038649228967403727
2013-01-14,5.1986,0.010850120556895004
2013-01-11,5.1082,-0.017389297118454935
2013-01-10,5.1887,0.015758975764457107
2013-01-09,5.2629,0.014300306435137947
2013-01-08,5.2113,-0.009804480419540658
2013-01-07,5.2424,0.005967800740698166
2013-01-04,5.282,0.007553792156264322
2013-01-03,5.2149,-0.012703521393411575
2013-01-02,5.2452,0.005810274406028792
2013-01-01,5.0474,-0.03771066880195226
2012-12-31,5.0474,0.0
2012-12-28,5.0474,0.0
2012-12-27,5.0722,0.004913420771090053
2012-12-26,5.0156,-0.01115886597531634
2012-12-25,5.0156,0.0
2012-12-24,5.0156,0.0
2012-12-21,5.0156,0.0
2012-12-20,4.9323,-0.016608182470691516
2012-12-19,4.832,-0.020335340510512303
2012-12-18,4.8814,0.010223509933774903
2012-12-17,4.8072,-0.015200557217191843
2012-12-14,4.8744,0.013979031452820707
2012-12-13,4.8919999999999995,0.0036107008042015097
2012-12-12,4.9457,0.01097710547833217
2012-12-11,4.9167,-0.005863679560021999
2012-12-10,4.945,0.005755893180385352
2012-12-07,4.8919999999999995,-0.010717896865520894
2012-12-06,4.8955,0.000715453802126068
2012-12-05,4.8814,-0.0028801960984577673
2012-12-04,4.8517,-0.006084320072110472
2012-12-03,4.8532,0.0003091699816559261
2012-11-30,4.8779,0.0050894255336685415
2012-11-29,4.7613,-0.02390372906373645
2012-11-28,4.8037,0.008905130951630808
2012-11-27,4.856,0.010887440930949016
2012-11-26,4.9443,0.018183690280065952
2012-11-23,4.9655,0.004287765710009393
2012-11-22,4.9669,0.0002819454234216675
2012-11-21,5.0015,0.0069661156858403005
2012-11-20,5.0192,0.0035389383185043697
2012-11-19,4.9874,-0.006335671023270563
2012-11-16,4.9076,-0.01600032080843719
2012-11-15,4.8744,-0.006765017523840733
2012-11-14,4.8412,-0.006811094698834707
2012-11-13,4.9605,0.0246426505825002
2012-11-12,5.051,0.018244128616067026
2012-11-09,5.0863,0.00698871510591951
2012-11-08,5.0015,-0.016672237186166672
2012-11-07,4.9944,-0.0014195741277617372
2012-11-06,5.1145,0.024046932564472184
2012-11-05,5.0156,-0.019337178609834697
2012-11-02,5.0863,0.014096020416301048
2012-11-01,5.0573,-0.00570159054715607
2012-10-31,4.9944,-0.012437466632392771
2012-10-30,5.1506,0.03127502803139519
2012-10-29,5.2064,0.010833689278919062
2012-10-26,5.2594,0.010179778733865998
2012-10-25,5.294,0.006578697189793379
2012-10-24,5.2791,-0.0028145069890441847
2012-10-23,5.3152,0.006838286829194417
2012-10-22,5.4388,0.02325406381697767
2012-10-19,5.4028,-0.006619107155990216
2012-10-18,5.4572,0.01006885318723629
2012-10-17,5.46,0.0005130836326320625
2012-10-16,5.382999999999999,-0.014102564102564257
2012-10-15,5.3123,-0.013133940182054533
2012-10-12,5.3194,0.0013365209043164597
2012-10-11,5.4543,0.025360003007858033
2012-10-10,5.4395,-0.0027134554388281076
2012-10-09,5.4748,0.00648956705579563
2012-10-08,5.5342,0.010849711404982853
2012-10-05,5.5808,0.008420367894185203
2012-10-04,5.4854,-0.01709432339449536
2012-10-03,5.5956,0.020089692638640726
2012-10-02,5.5667,-0.0051647723211094695
2012-10-01,5.6444,0.013958000251495519
2012-09-28,5.4889,-0.027549429523067104
2012-09-27,5.5101,0.0038623403596349595
2012-09-26,5.496,-0.002558937224369794
2012-09-25,5.6514,0.02827510917030555
2012-09-24,5.655,0.0006370102983332434
2012-09-21,5.7221,0.011865605658709096
2012-09-20,5.7185,-0.0006291396515266234
2012-09-19,5.7221,0.0006295357174084973
2012-09-18,5.8563,0.023452928120794792
2012-09-17,5.91,0.009169612212489128
2012-09-14,5.9538,0.007411167512690366
2012-09-13,5.7171,-0.039756122140481694
2012-09-12,5.6769,-0.007031536968043319
2012-09-11,5.6514,-0.004491888178407243
2012-09-10,5.702999999999999,0.009130480942775179
2012-09-07,5.6444,-0.01027529370506739
2012-09-06,5.5596,-0.015023740344412237
2012-09-05,5.3477,-0.038114252823944164
2012-09-04,5.4501,0.019148418946463016
2012-09-03,5.4607,0.0019449184418634823
2012-08-31,5.4423,-0.0033695313787609187
2012-08-30,5.3547,-0.016096135824926982
2012-08-29,5.4254,0.013203354062785878
2012-08-28,5.4607,0.006506432705422703
2012-08-27,5.5243,0.01164685846136944
2012-08-24,5.5384,0.0025523595749687746
2012-08-23,5.5808,0.0076556406182290496
2012-08-22,5.5765,-0.0007704988532109641
2012-08-21,5.5914,0.0026719268358289094
2012-08-20,5.4727,-0.021229030296526893
2012-08-17,5.609,0.024905439728105015
2012-08-16,5.6373,0.005045462649313562
2012-08-15,5.5737,-0.011281996700548153
2012-08-14,5.6437,0.012558982363600533
2012-08-13,5.5751,-0.012155146446480145
2012-08-10,5.5525,-0.004053738946386564
2012-08-09,5.6514,0.017811796488068354
2012-08-08,5.602,-0.008741196871571547
2012-08-07,5.5864,-0.002784719742948957
2012-08-06,5.5207,-0.011760704568237242
2012-08-03,5.3696,-0.027369717608274235
2012-08-02,5.2262,-0.02670589988081044
2012-08-01,5.2982,0.013776740270177026
2012-07-31,5.3342,0.006794760484693005
2012-07-30,5.4529,0.022252633946983538
2012-07-27,5.4670000000000005,0.0025857800436466633
2012-07-26,5.229,-0.043533930857874596
2012-07-25,5.1569,-0.013788487282463154
2012-07-24,5.164,0.0013767961372141092
2012-07-23,5.2629,0.019151820294345555
2012-07-20,5.5151,0.047920348097056795
2012-07-19,5.5808,0.011912748635564114
2012-07-18,5.4628,-0.021143922018348683
2012-07-17,5.4254,-0.006846305923702109
2012-07-16,5.3759,-0.009123751244147915
2012-07-13,5.3971,0.0039435257352257915
2012-07-12,5.3335,-0.01178410627929816
2012-07-11,5.3533,0.0037123839880003826
2012-07-10,5.382999999999999,0.005547979750807758
2012-07-09,5.3971,0.002619357235742317
2012-07-06,5.3696,-0.005095328972966938
2012-07-05,5.4685,0.01841850417163281
2012-07-04,5.5101,0.007607204900795602
2012-07-03,5.5101,0.0
2012-07-02,5.2989,-0.0383296128926881
2012-06-29,5.2233,-0.014267112042121888
2012-06-28,5.1675,-0.010682901613922161
2012-06-27,5.2629,0.018461538461538404
2012-06-26,5.1223,-0.02671530905014347
2012-06-25,5.0983,-0.004685395232610355
2012-06-22,5.2078,0.021477747484455547
2012-06-21,5.2417,0.006509466569376713
2012-06-20,5.3568,0.02195852490604193
2012-06-19,5.407,0.009371266427718086
2012-06-18,5.3978,-0.0017014980580728454
2012-06-15,5.3335,-0.011912260550594732
2012-06-14,5.2304,-0.019330645917314995
2012-06-13,5.2028,-0.005276843071275717
2012-06-12,5.2707,0.01305066502652415
2012-06-11,5.265,-0.0010814502817462648
2012-06-08,5.1993,-0.012478632478632413
2012-06-07,5.2283,0.005577673917642743
2012-06-06,5.1711,-0.010940458657689865
2012-06-05,5.1499,-0.0040997079924968245
2012-06-04,5.0933,-0.010990504669993503
2012-06-01,4.981,-0.022048573616319535
2012-05-31,5.0227,0.00837181288897822
2012-05-30,5.0828,0.011965675831723848
2012-05-29,5.1852,0.020146376013221112
2012-05-28,5.0298,-0.029969914371673262
2012-05-25,5.058,0.005606584754861029
2012-05-24,5.0015,-0.011170423092131232
2012-05-23,4.8814,-0.02401279616115163
2012-05-22,5.0969,0.04414717089359601
2012-05-21,5.051,-0.009005473915517198
2012-05-18,4.9097,-0.02797465848346866
2012-05-17,5.051,0.028779762510947757
2012-05-16,5.2205,0.033557711344288296
2012-05-15,5.3441,0.023675893113686373
2012-05-14,5.3689,0.004640631724705737
2012-05-11,5.715,0.06446385665592577
2012-05-10,5.7136,-0.0002449693788276973
2012-05-09,5.5433,-0.029806076729207372
2012-05-08,5.585,0.007522594844226295
2012-05-07,5.5918,0.0012175470008952802
2012-05-04,5.4976,-0.016846096069244223
2012-05-03,5.7715,0.049821740395808965
2012-05-02,5.7782,0.0011608767218228143
2012-05-01,5.8316,0.009241632342251893
2012-04-30,5.8316,0.0
2012-04-27,5.8122,-0.003326702791686687
2012-04-26,5.6559,-0.026891710539898816
2012-04-25,5.6646,0.0015382167294330084
2012-04-24,5.6312,-0.0058962680507009
2012-04-23,5.6519,0.0036759482881092145
2012-04-20,5.8169,0.02919372246501177
2012-04-19,5.851,0.005862229022331409
2012-04-18,5.7849,-0.01129721415142704
2012-04-17,5.8637,0.013621670210375168
2012-04-16,5.9666,0.017548646758872383
2012-04-13,6.0721,0.017681761807394523
2012-04-12,6.0788,0.00110340738788893
2012-04-11,5.9759,-0.016927683095347763
2012-04-10,5.9592,-0.0027945581418698704
2012-04-09,6.2458,0.04809370385286615
2012-04-06,6.2458,0.0
2012-04-05,6.2458,0.0
2012-04-04,6.178999999999999,-0.010695187165775503
2012-04-03,6.2992,0.019452985920051877
2012-04-02,6.2124,-0.013779527559055151
2012-03-30,6.1549,-0.009255682184019075
2012-03-29,6.0354,-0.019415425108450096
2012-03-28,6.1189,0.013835039931073318
2012-03-27,6.3199,0.03284904149438619
2012-03-26,6.4028,0.01311729615974943
2012-03-23,6.3059,-0.015134003873305392
2012-03-22,6.2658,-0.006359123994988929
2012-03-21,6.4328,0.026652622171151445
2012-03-20,6.4128,-0.0031090660365626884
2012-03-19,6.6052,0.03000249500998006
2012-03-16,6.7601,0.023451220250711634
2012-03-15,6.9238,0.02421561811215803
2012-03-14,6.8503,-0.010615557930616153
2012-03-13,6.847,-0.0004817307271213545
2012-03-12,6.7401,-0.015612677084854745
2012-03-09,6.8002,0.008916781650123924
2012-03-08,6.7,-0.014734860739390027
2012-03-07,6.5865,-0.01694029850746271
2012-03-06,6.5263,-0.00913990738632051
2012-03-05,6.837000000000001,0.04760737324364504
2012-03-02,6.7935,-0.006362439666520514
2012-03-01,6.6466,-0.021623610804445366
2012-02-29,6.5858,-0.009147534077573558
2012-02-28,6.5865,0.00010628928907651994
2012-02-27,6.6299,0.006589235557579914
2012-02-24,6.5691,-0.00917057572512412
2012-02-23,6.3994,-0.025833066934587652
2012-02-22,6.3393,-0.009391505453636319
2012-02-21,6.4195,0.012651239095799299
2012-02-20,6.4729,0.008318404860191586
2012-02-17,6.3881,-0.013100773996199607
2012-02-16,6.4595,0.011177032294422531
2012-02-15,6.513,0.008282374796810845
2012-02-14,6.4321,-0.012421311223706395
2012-02-13,6.4796,0.007384835434772381
2012-02-10,6.3660000000000005,-0.017531946416445312
2012-02-09,6.3794,0.0021049324536600465
2012-02-08,6.3527,-0.004185346584318405
2012-02-07,6.3901,0.0058872605348907975
2012-02-06,6.4629,0.011392622963646886
2012-02-03,6.3994,-0.009825310619071985
2012-02-02,6.3112,-0.013782542113323063
2012-02-01,6.2464,-0.010267461021675745
2012-01-31,6.1209,-0.020091572745901735
2012-01-30,6.1162,-0.0007678609354832957
2012-01-27,6.1382,0.0035970046761061186
2012-01-26,6.2291,0.014808901632400302
2012-01-25,6.2204,-0.001396670466038457
2012-01-24,6.1456,-0.012024950163976554
2012-01-23,6.1122,-0.005434782608695704
2012-01-20,6.0120000000000005,-0.016393442622950685
2012-01-19,6.2037,0.031886227544910176
2012-01-18,6.0621,-0.022825088253784095
2012-01-17,5.9585,-0.017089787367413956
2012-01-16,5.9619,0.000570613409415133
2012-01-13,5.8857,-0.01278116036833896
2012-01-12,5.857,-0.004876225427731574
2012-01-11,5.9385,0.013914973535939922
2012-01-10,5.9412,0.00045466026774436716
2012-01-09,5.8036,-0.023160304315626462
2012-01-06,5.7742,-0.005065821214418614
2012-01-05,5.8403,0.011447473243046586
2012-01-04,5.706,-0.022995394072222255
2012-01-03,5.7361,0.005275148966000703
2012-01-02,5.6299,-0.01851432157737841
2011-12-30,5.5751,-0.009733743050498265
2011-12-29,5.4342,-0.025273089271941353
2011-12-28,5.4375,0.0006072650988186491
2011-12-27,5.5377,0.018427586206896565
2011-12-26,5.6112,0.013272658323852885
2011-12-23,5.6112,0.0
2011-12-22,5.5177,-0.016663102366695284
2011-12-21,5.4776,-0.007267520887326206
2011-12-20,5.4682,-0.0017160800350517398
2011-12-19,5.2104,-0.047145312900040315
2011-12-16,5.4281,0.041781820973437696
2011-12-15,5.4756,0.008750759934415417
2011-12-14,5.207000000000001,-0.049053984951420715
2011-12-13,5.4001,0.03708469368158236
2011-12-12,5.1503,-0.04625840262217375
2011-12-09,5.356,0.03993942100460172
2011-12-08,5.5704,0.040029873039581845
2011-12-07,5.5845,0.0025312365359758727
2011-12-06,5.5611,-0.004190169218372375
2011-12-05,5.9385,0.06786427145708594
2011-12-02,5.9185,-0.0033678538351436323
2011-12-01,5.7755,-0.024161527414040686
2011-11-30,5.6733,-0.017695437624448074
2011-11-29,5.4575,-0.03803782630920287
2011-11-28,5.4776,0.0036830050389372844
2011-11-25,5.2952,-0.03329925514824
2011-11-24,5.3039,0.0016429974316360598
2011-11-23,5.2798,-0.004543826241067854
2011-11-22,5.3593,0.015057388537444667
2011-11-21,5.2658,-0.017446308286530064
2011-11-18,5.7181,0.08589388127160169
2011-11-17,5.9178,0.034924188104440285
2011-11-16,6.0006,0.013991686099564138
2011-11-15,5.9452,-0.009232410092324193
2011-11-14,5.9432,-0.00033640584000534546
2011-11-11,5.9051,-0.006410687844932027
2011-11-10,5.8256,-0.013462938815600133
2011-11-09,5.7481,-0.013303350727821973
2011-11-08,5.9559,0.03615107600772425
2011-11-07,5.835,-0.020299199113484073
2011-11-04,5.8116,-0.004010282776349554
2011-11-03,5.8737,0.010685525500722699
2011-11-02,5.6987,-0.02979382671910392
2011-11-01,5.5197,-0.031410672609542424
2011-10-31,5.5845,0.011739768465677477
2011-10-28,5.865,0.050228310502283095
2011-10-27,5.8897,0.004211423699914777
2011-10-26,5.511,-0.06429869093502219
2011-10-25,5.2705,-0.04363999274178914
2011-10-24,5.3507,0.015216772602219828
2011-10-21,5.1436,-0.03870521613994424
2011-10-20,5.0895,-0.010517925188583879
2011-10-19,5.1095,0.003929659102072811
2011-10-18,5.0434,-0.012936686564243
2011-10-17,5.0774,0.006741483919578024
2011-10-14,5.0768,-0.0001181707172961535
2011-10-13,4.9632,-0.022376300031516073
2011-10-12,5.0253,0.012512088974854943
2011-10-11,4.7622,-0.052355083278610166
2011-10-10,4.8096,0.009953382890260733
2011-10-07,4.6412,-0.03501330671989339
2011-10-06,4.6893,0.010363699043350815
2011-10-05,4.4756,-0.045571833749173694
2011-10-04,4.495,0.004334614353382805
2011-10-03,4.8129,0.07072302558398216
2011-09-30,4.7829,-0.0062332481456087285
2011-09-29,4.8764,0.019548809299797316
2011-09-28,4.7956,-0.016569600524977437
2011-09-27,4.9031,0.022416381683209592
2011-09-26,4.7601,-0.029165222002406597
2011-09-23,4.7227,-0.007856977794584307
2011-09-22,4.6819999999999995,-0.008617951595485672
2011-09-21,5.0835,0.08575395130286212
2011-09-20,5.2104,0.02496311596341104
2011-09-19,5.1603,-0.009615384615384536
2011-09-16,5.2304,0.013584481522392118
2011-09-15,5.2738,0.00829764453961441
2011-09-14,5.3306,0.01077022260988281
2011-09-13,5.3306,0.0
2011-09-12,5.3867,0.010524143623607232
2011-09-09,5.4509,0.011918243080178883
2011-09-08,5.6573,0.037865306646608886
2011-09-07,5.5911,-0.01170169515493261
2011-09-06,5.3961,-0.03487685786339008
2011-09-05,5.343999999999999,-0.009655121291303026
2011-09-02,5.531000000000001,0.034992514970060104
2011-09-01,5.7515,0.03986620864219842
2011-08-31,5.7368,-0.002555854994349366
2011-08-30,5.7434,0.0011504671593921011
2011-08-29,5.6753,-0.011857088135947396
2011-08-26,5.5444,-0.023064860007400413
2011-08-25,5.505,-0.007106269388933075
2011-08-24,5.5016,-0.0006176203451407938
2011-08-23,5.4134,-0.01603169986912891
2011-08-22,5.343999999999999,-0.012820039162079432
2011-08-19,5.364,0.003742514970059967
2011-08-18,5.4515,0.016312453392990374
2011-08-17,5.6472,0.03589837659359801
2011-08-16,5.5711,-0.013475704774047208
2011-08-15,5.5878,0.0029976126797220063
2011-08-12,5.4776,-0.019721536203872698
2011-08-11,5.2738,-0.037206075653570946
2011-08-10,5.0066,-0.05066555424930788
2011-08-09,5.2986,0.05832301362201908
2011-08-08,5.4676,0.03189521760465021
2011-08-05,5.9766,0.09309386202355702
2011-08-04,6.1322,0.0260348693236957
2011-08-03,6.4061,0.04466586217018366
2011-08-02,6.7267,0.05004604985872836
2011-08-01,6.7935,0.00993057517058881
2011-07-29,6.7,-0.01376315595790089
2011-07-28,6.7802,0.011970149253731284
2011-07-27,6.7334,-0.006902451255125243
2011-07-26,6.7468,0.0019900793061455946
2011-07-25,6.68,-0.009900990099009995
2011-07-22,6.8069,0.018997005988023955
2011-07-21,6.8203,0.0019685906947362027
2011-07-20,6.6967,-0.018122369983725014
2011-07-19,6.6933,-0.0005077127540430465
2011-07-18,6.6713,-0.0032868689585107856
2011-07-15,6.7668,0.014315051039527583
2011-07-14,6.7067,-0.008881598392149947
2011-07-13,6.7935,0.012942281598998049
2011-07-12,6.7869,-0.0009715168911459067
2011-07-11,6.8002,0.001959657575623641
2011-07-08,6.847,0.0068821505249845845
2011-07-07,6.9639,0.017073170731707218
2011-07-06,6.7201,-0.03500911845373991
2011-07-05,6.7434,0.0034672103093703775
2011-07-04,6.8269,0.01238247768188153
2011-07-01,6.8336,0.0009814117681523802
2011-06-30,6.7401,-0.013682392882228942
2011-06-29,6.7134,-0.0039613655583744965
2011-06-28,6.5263,-0.027869633866595175
2011-06-27,6.4595,-0.010235508634295044
2011-06-24,6.6199,0.024831643316046148
2011-06-23,6.5329999999999995,-0.013127086511880975
2011-06-22,6.6653,0.020251033215980523
2011-06-21,6.6559,-0.0014102891092674444
2011-06-20,6.6072,-0.007316816658904158
2011-06-17,6.6867,0.012032328369051996
2011-06-16,6.8704,0.027472445301867883
2011-06-15,6.847,-0.0034059152305542096
2011-06-14,6.9605,0.016576602891777314
2011-06-13,6.9405,-0.0028733567990804646
2011-06-10,6.8937,-0.0067430300410633495
2011-06-09,7.044,0.02180251534009308
2011-06-08,6.8236,-0.031289040318001095
2011-06-07,6.7568,-0.009789553901166504
2011-06-06,6.4675,-0.04281612597679373
2011-06-03,6.4929,0.003927328952454491
2011-06-02,6.6085,0.017804062899474903
2011-06-01,6.8002,0.029008095634410227
2011-05-31,6.8136,0.0019705302785211986
2011-05-30,6.847,0.004901960784313772
2011-05-27,6.7668,-0.011713159047758213
2011-05-26,6.5531,-0.03158065850919197
2011-05-25,6.5784,0.0038607681860494338
2011-05-24,6.531000000000001,-0.007205399489237453
2011-05-23,6.3794,-0.023212371765426454
2011-05-20,6.6125,0.03653948647208192
2011-05-19,6.7468,0.020310018903591763
2011-05-18,6.7869,0.005943558427699028
2011-05-17,6.6459,-0.020775317155107637
2011-05-16,6.6599,0.00210656194044452
2011-05-13,6.7134,0.008033153650955669
2011-05-12,6.5826,-0.01948342121726693
2011-05-11,6.742000000000001,0.024215355634551794
2011-05-10,6.9404,0.029427469593592322
2011-05-09,6.9664,0.0037461817762664685
2011-05-06,6.8623,-0.014943155718879171
2011-05-05,6.7225,-0.02037217842414353
2011-05-04,6.7745,0.007735217552993619
2011-05-03,7.1876,0.06097867001254706
2011-05-02,7.5063,0.044340252657354425
2011-04-29,7.4803,-0.003463757110693776
2011-04-28,7.5128,0.004344745531596412
2011-04-27,7.4608,-0.006921520604834481
2011-04-26,7.4835,0.003042569161484075
2011-04-21,7.5778,0.012601055655775987
2011-04-20,7.412000000000001,-0.02187970123254758
2011-04-19,7.3014,-0.014921748515920222
2011-04-18,7.155,-0.02005094913304296
2011-04-15,7.3356,0.025241090146750536
2011-04-14,7.2851,-0.006884235781667543
2011-04-13,7.5258,0.03304004063087677
2011-04-12,7.5095,-0.0021658826968561752
2011-04-11,7.8445,0.044610160463413005
2011-04-08,7.8478,0.00042067690738738006
2011-04-07,7.7405,-0.01367262162644313
2011-04-06,7.7307,-0.0012660680834571736
2011-04-05,7.7632,0.004204017747422697
2011-04-04,7.7242,-0.005023701566364462
2011-04-01,7.6819,-0.005476295279770074
2011-03-31,7.4429,-0.031112094664080485
2011-03-30,7.4461,0.0004299399427643171
2011-03-29,7.3437,-0.013752165563180761
2011-03-28,7.3925,0.00664515162656426
2011-03-25,7.3014,-0.012323300642543113
2011-03-24,7.2868,-0.0019996165119017893
2011-03-23,7.3209,0.004679694790580169
2011-03-22,7.2152,-0.01443811553224326
2011-03-21,7.2364,0.0029382414901873047
2011-03-18,7.2526,0.0022386822176773584
2011-03-17,7.3014,0.00672862145989024
2011-03-16,7.2819,-0.0026707206837044747
2011-03-15,6.9924,-0.03975610760927784
2011-03-14,7.0119,0.0027887420628110306
2011-03-11,6.8363,-0.025043140946105935
2011-03-10,6.8298,-0.0009508067229349138
2011-03-09,7.051,0.032387478403467236
2011-03-08,7.1811,0.01845128350588564
2011-03-07,7.1859,0.0006684212725070476
2011-03-04,6.9957,-0.026468500814094256
2011-03-03,7.0737,0.011149706248123762
2011-03-02,6.968,-0.014942674979148068
2011-03-01,6.9518,-0.002324913892078006
2011-02-28,6.9469,-0.0007048534192583397
2011-02-25,6.8884,-0.008421022326505411
2011-02-24,6.8282,-0.008739329887927536
2011-02-23,6.4883,-0.04977885826425706
2011-02-22,6.4103,-0.012021638950110106
2011-02-21,6.4233,0.0020279862096937583
2011-02-18,6.4265,0.0004981862905359624
2011-02-17,6.394,-0.005057185092974364
2011-02-16,6.5534,0.024929621520175128
2011-02-15,6.6087,0.00843836787011321
2011-02-14,6.7729,0.024846036285502464
2011-02-11,6.8575,0.01249095660647581
2011-02-10,6.7323,-0.018257382427998473
2011-02-09,6.9632,0.03429734266149744
2011-02-08,6.9436,-0.0028147977941175924
2011-02-07,7.0396,0.013825681202834277
2011-02-04,6.9729,-0.009474970168759585
2011-02-03,6.7436,-0.03288445266675275
2011-02-02,6.7388,-0.0007117859896790248
2011-02-01,6.5599,-0.026547753309194587
2011-01-31,6.3241,-0.03594566990350466
2011-01-28,6.3908,0.010546955297987062
2011-01-27,6.4981,0.016789760280403142
2011-01-26,6.3338,-0.025284313876363842
2011-01-25,6.0525,-0.04441251697243359
2011-01-24,6.1094,0.009401073936389876
2011-01-21,6.1159,0.0010639342652306201
2011-01-20,6.3078,0.03137722984352269
2011-01-19,6.433,0.019848441611972405
2011-01-18,6.5339,0.015684750505207557
2011-01-17,6.5615,0.00422412341786676
2011-01-14,6.394,-0.025527699458965106
2011-01-13,6.4135,0.0030497341257428607
2011-01-12,6.6217,0.03246277383643872
2011-01-11,6.3403,-0.04249663983569169
2011-01-10,6.3225,-0.002807438133842288
2011-01-07,6.4428,0.019027283511269324
2011-01-06,6.6672,0.034829577202458585
2011-01-05,6.5387,-0.019273458123350108
2011-01-04,6.5209,-0.0027222536589842413
2011-01-03,6.2851,-0.03616065267064366
2010-12-30,6.2477,-0.00595058153410445
2010-12-29,6.2412,-0.0010403828608928007
2010-12-28,6.3745,0.02135807216560921
2010-12-27,6.3729,-0.0002510000784376362
2010-12-23,6.4395,0.01045050134161845
2010-12-22,6.407,-0.005046975696870837
2010-12-21,6.3403,-0.010410488528172309
2010-12-20,6.2054,-0.021276595744680854
2010-12-17,6.2607,0.008911593128565428
2010-12-16,6.1794,-0.012985768364559827
2010-12-15,6.1891,0.0015697316891606949
2010-12-14,6.2477,0.009468258712898516
2010-12-13,6.2086,-0.00625830305552449
2010-12-10,6.1631,-0.0073285442772927315
2010-12-09,6.1306,-0.005273320244682019
2010-12-08,6.0135,-0.019100903663589314
2010-12-07,6.085,0.011889914359358168
2010-12-06,6.1111,0.004289235825801226
2010-12-03,6.0005,-0.018098214724026885
2010-12-02,5.9533,-0.00786601116573621
2010-12-01,5.7566,-0.03304049854702432
2010-11-30,5.5208,-0.040961678768717535
2010-11-29,5.4151,-0.019145775974496553
2010-11-26,5.4427,0.005096858783771401
2010-11-25,5.3598,-0.015231410880629176
2010-11-24,5.2069,-0.028527183850143627
2010-11-23,5.1777,-0.005607943305997875
2010-11-22,5.2037,0.0050215346582460725
2010-11-19,5.2525,0.009377942617752743
2010-11-18,5.2557,0.0006092336982388667
2010-11-17,5.1825,-0.013927735601347095
2010-11-16,5.1874,0.0009454896285576703
2010-11-15,5.2947,0.02068473609129805
2010-11-12,5.2541,-0.007668045403894371
2010-11-11,5.3614,0.02042214651415076
2010-11-10,5.35,-0.002126310292087902
2010-11-09,5.3598,0.0018317757009346269
2010-11-08,5.2915,-0.012743012798985001
2010-11-05,5.3208,0.005537182273457451
2010-11-04,5.2655,-0.01039317395880317
2010-11-03,5.1029,-0.030880258285063203
2010-11-02,5.1256,0.004448450880871737
2010-11-01,5.1858,0.011744966442953026
2010-10-29,5.1029,-0.015985961664545568
2010-10-28,5.1711,0.013364949342530725
2010-10-27,5.1549,-0.003132795730115534
2010-10-26,5.2329,0.015131234359541465
2010-10-25,5.2362,0.0006306254658029587
2010-10-22,5.1516,-0.016156754898590583
2010-10-21,5.0541,-0.018926158863265808
2010-10-20,4.9126,-0.02799707168437501
2010-10-19,4.976,0.012905589708097479
2010-10-18,5.0411,0.013082797427652764
2010-10-15,4.95,-0.018071452659141847
2010-10-14,4.9793,0.00591919191919194
2010-10-13,5.0736,0.0189384049966862
2010-10-12,5.0801,0.0012811415957111223
2010-10-11,5.1289,0.009606110115942592
2010-10-08,5.0915,-0.007292011932383139
2010-10-07,5.0752,-0.0032014141215752144
2010-10-06,5.0915,0.0032116960907944917
2010-10-05,5.0736,-0.0035156633605028043
2010-10-04,5.0459,-0.005459634184799803
2010-10-01,5.0280000000000005,-0.0035474345508232706
2010-09-30,4.9711,-0.011316626889419373
2010-09-29,4.963,-0.0016294180362494768
2010-09-28,4.9663,0.0006649204110417696
2010-09-27,5.0053,0.007852928739705556
2010-09-24,4.976,-0.0058537949773240575
2010-09-23,4.9939,0.0035972668810289442
2010-09-22,5.0459,0.010412703498267808
2010-09-21,5.1711,0.02481222378564784
2010-09-20,5.2525,0.01574133163156782
2010-09-17,5.2232,-0.005578296049500257
2010-09-16,5.1972,-0.004977791392250093
2010-09-15,5.285,0.016893711998768674
2010-09-14,5.3208,0.006773888363292347
2010-09-13,5.4362,0.021688467899564006
2010-09-10,5.4574,0.003899782936610029
2010-09-09,5.4996,0.007732619928903918
2010-09-08,5.4151,-0.015364753800276427
2010-09-07,5.3793,-0.006611142915181632
2010-09-06,5.3728,-0.0012083356570557415
2010-09-03,5.3972,0.004541393686718281
2010-09-02,5.3858,-0.0021122063292077515
2010-09-01,5.3663,-0.00362063203238142
2010-08-31,5.2964,-0.013025734677524483
2010-08-30,5.285,-0.0021524054074465817
2010-08-27,5.2394,-0.008628192999053983
2010-08-26,5.2232,-0.0030919570943236914
2010-08-25,5.1744,-0.009342931536222995
2010-08-24,5.189,0.0028215831787259823
2010-08-23,5.297999999999999,0.021005974176141664
2010-08-20,5.2703,-0.005228388070970064
2010-08-19,5.3354,0.012352238013016367
2010-08-18,5.3825,0.0088278292161788
2010-08-17,5.4476,0.012094751509521627
2010-08-16,5.3842,-0.011638152580953184
2010-08-13,5.4541,0.01298243007317717
2010-08-12,5.3663,-0.01609798133514247
2010-08-11,5.3549,-0.0021243687456907138
2010-08-10,5.5289,0.03249360398887008
2010-08-09,5.5305,0.00028938848595558313
2010-08-06,5.4639,-0.012042310821806386
2010-08-05,5.5289,0.011896264572924174
2010-08-04,5.497999999999999,-0.0055888151350179625
2010-08-03,5.5094,0.0020734812659150537
2010-08-02,5.5305,0.0038298181290158046
2010-07-30,5.3891,-0.025567308561612868
2010-07-29,5.4639,0.013879868623703356
2010-07-28,5.3663,-0.017862698804882945
2010-07-27,5.4622,0.0178707862027841
2010-07-26,5.3629999999999995,-0.0181611804767311
2010-07-23,5.3647,0.00031698676114124167
2010-07-22,5.3629999999999995,-0.0003168863123754318
2010-07-21,5.3175,-0.008484057430542542
2010-07-20,5.1224,-0.03669017395392573
2010-07-19,5.1094,-0.002537872872091188
2010-07-16,5.1224,0.002544330058323854
2010-07-15,5.2037,0.015871466500078205
2010-07-14,5.3256,0.02342563944885355
2010-07-13,5.3517,0.004900856241550334
2010-07-12,5.2264,-0.02341312106433473
2010-07-09,5.176,-0.009643349150466819
2010-07-08,5.085,-0.017581143740340067
2010-07-07,5.1175,0.006391347099311652
2010-07-06,5.0736,-0.0085784074255007
2010-07-05,4.9435,-0.025642541784925824
2010-07-02,4.9012,-0.008556690603823202
2010-07-01,4.7874,-0.02321880355831232
2010-06-30,5.0346,0.051635543301165626
2010-06-29,5.0915,0.011301791602113321
2010-06-28,5.285,0.03800451733280963
2010-06-25,5.1939,-0.017237464522232727
2010-06-24,5.2622,0.013150041394712991
2010-06-23,5.3629999999999995,0.019155486298506243
2010-06-22,5.497999999999999,0.025172478090620884
2010-06-21,5.5712,0.013313932339032527
2010-06-18,5.4134,-0.028324238943136116
2010-06-17,5.3549,-0.010806517161118787
2010-06-16,5.3663,0.002128891295822532
2010-06-15,5.4199,0.009988260067458083
2010-06-14,5.3907,-0.005387553275890761
2010-06-11,5.3809,-0.0018179457213349385
2010-06-10,5.4508,0.012990391941868558
2010-06-09,5.4313,-0.0035774565201438045
2010-06-08,5.337000000000001,-0.0173623257783587
2010-06-07,5.4427,0.01980513397039529
2010-06-04,5.5647,0.02241534532493062
2010-06-03,5.6979999999999995,0.023954570776501753
2010-06-02,5.5923,-0.018550368550368495
2010-06-01,5.4216,-0.030524113513223552
2010-05-31,5.4492,0.0050907481186366595
2010-05-28,5.4313,-0.0032848858548043796
2010-05-27,5.4639,0.006002246239390112
2010-05-26,5.2525,-0.038690312780248426
2010-05-25,4.8004,-0.08607329842931948
2010-05-24,5.1256,0.0677443546371137
2010-05-21,4.9776,-0.028874668331512518
2010-05-20,5.0443,0.01340003214400514
2010-05-19,5.3728,0.06512301013024603
2010-05-18,5.5972,0.04176593210244196
2010-05-17,5.4671,-0.023243764739512552
2010-05-14,5.4346,-0.005944650728905752
2010-05-13,5.5809,0.02692010451551174
2010-05-12,5.6053,0.004372054686520092
2010-05-11,5.3825,-0.0397480955524235
2010-05-10,5.3512,-0.005815141662796077
2010-05-07,4.8619,-0.09143743459410973
2010-05-06,5.0652,0.04181492832020395
2010-05-05,5.1463,0.016011213772407835
2010-05-04,5.2197,0.014262674154246636
2010-05-03,5.3817,0.031036266452095104
2010-04-30,5.3466,-0.0065221026813090275
2010-04-29,5.5346,0.03516253319866843
2010-04-28,5.371,-0.029559498428070635
2010-04-27,5.4551,0.015658164215229826
2010-04-26,5.5392,0.015416765962127236
2010-04-23,5.4979,-0.0074559503177355135
2010-04-22,5.3573,-0.02557340075301464
2010-04-21,5.4643,0.0199727474660742
2010-04-20,5.4887,0.004465347803012276
2010-04-19,5.3664,-0.022282143312624132
2010-04-16,5.5453,0.03333706022659521
2010-04-15,5.7425,0.03556164679999271
2010-04-14,5.6325,-0.019155420113191022
2010-04-13,5.4276,-0.03637816245006663
2010-04-12,5.4735,0.008456776475790332
2010-04-09,5.4123,-0.011181145519320267
2010-04-08,5.4245,0.0022541248637363022
2010-04-07,5.527,0.018895750760438756
2010-04-06,5.5652,0.0069115252397321855
2010-04-01,5.4154,-0.026917271616473788
2010-03-31,5.2472,-0.031059570853491834
2010-03-30,5.2441,-0.0005907912791583856
2010-03-29,5.0759,-0.03207414046261524
2010-03-26,4.9659,-0.021671033708307776
2010-03-25,5.0454,0.016009182625505842
2010-03-24,5.0943,0.009691996670234218
2010-03-23,5.1294,0.006890053589305852
2010-03-22,5.1967,0.013120442936795623
2010-03-19,5.1616,-0.00675428637404505
2010-03-18,5.1982,0.007090824550526962
2010-03-17,5.2732,0.014428071255434608
2010-03-16,5.2395,-0.006390806341500513
2010-03-15,5.1432,-0.018379616375608244
2010-03-12,5.2411,0.019034842121636354
2010-03-11,5.2563,0.0029001545477094696
2010-03-10,5.2594,0.0005897684683141907
2010-03-09,5.2747,0.0029090770810358347
2010-03-08,5.4199,0.0275276319032362
2010-03-05,5.3542,-0.01212199487075417
2010-03-04,5.212000000000001,-0.02655858951850865
2010-03-03,5.1417,-0.013488104374520428
2010-03-02,5.1616,0.003870315265379117
2010-03-01,5.1111,-0.00978378797272155
2010-02-26,5.0285,-0.016160904697618952
2010-02-25,5.0133,-0.003022770209804137
2010-02-24,5.1677,0.03079807711487441
2010-02-23,5.1218,-0.008882094548832093
2010-02-22,5.2441,0.023878324026709374
2010-02-19,5.1768,-0.012833469994851424
2010-02-18,5.0652,-0.02155771905424203
2010-02-17,5.1218,0.011174287293690363
2010-02-16,5.1019,-0.0038853528056543977
2010-02-15,4.9414,-0.03145886826476409
2010-02-12,4.9062,-0.007123487270813874
2010-02-11,5.0668,0.032734091557620894
2010-02-10,5.0454,-0.0042235730638667136
2010-02-09,5.1187,0.014528084988306121
2010-02-08,5.1386,0.003887705862816867
2010-02-05,5.29,0.02946327793562444
2010-02-04,5.4276,0.026011342155009443
2010-02-03,5.662999999999999,0.043370919006558956
2010-02-02,5.6019,-0.010789334275119146
2010-02-01,5.5193,-0.014744997233081517
2010-01-29,5.3664,-0.027702788397079466
2010-01-28,5.2441,-0.022789952295766098
2010-01-27,5.1906,-0.010201941229191004
2010-01-26,5.1891,-0.00028898393249336435
2010-01-25,5.2288,0.007650652328920207
2010-01-22,5.1738,-0.010518665850673141
2010-01-21,5.3420000000000005,0.03250995399899505
2010-01-20,5.3817,0.007431673530512887
2010-01-19,5.5285,0.027277626028949925
2010-01-18,5.452000000000001,-0.013837388079949234
2010-01-15,5.3511,-0.01850696991929587
2010-01-14,5.4887,0.025714339107846977
2010-01-13,5.4429,-0.008344416710696493
2010-01-12,5.4413,-0.0002939609399400731
2010-01-11,5.5682,0.02332163269806848
2010-01-08,5.6691,0.018120757156711364
2010-01-07,5.6569,-0.0021520170750207244
2010-01-06,5.6569,0.0
2010-01-05,5.6691,0.002156658240379004
2010-01-04,5.504,-0.029122788449665853
2009-12-31,5.1402,-0.06609738372093014
2009-12-30,5.1402,0.0
2009-12-29,5.2105,0.013676510641609196
2009-12-28,5.183,-0.005277804433355697
2009-12-24,5.1524,-0.005903916650588412
2009-12-23,5.1524,0.0
2009-12-22,5.1371,-0.002969489946432705
2009-12-21,5.1096,-0.005353214848844651
2009-12-18,5.0178,-0.01796618130577738
2009-12-17,4.8833,-0.026804575710470735
2009-12-16,5.0148,0.02692851145741608
2009-12-15,4.8007,-0.04269362686448117
2009-12-14,4.6631,-0.028662486720686556
2009-12-11,4.5867,-0.016383950590808598
2009-12-10,4.5225,-0.013996991300935416
2009-12-09,4.5469,0.005395245992260912
2009-12-08,4.5316,-0.0033649299522751476
2009-12-07,4.5897,0.012821078647718157
2009-12-04,4.6387,0.01067607904656086
2009-12-03,4.5561,-0.01780671308771859
2009-12-02,4.602,0.010074405741752925
2009-12-01,4.7273,0.027227292481529615
2009-11-30,4.6417,-0.018107587840839264
2009-11-27,4.7549,0.024387616605984867
2009-11-26,4.7121,-0.00900124082525389
2009-11-25,4.8925,0.03828441671441601
2009-11-24,4.9903,0.019989780275932616
2009-11-23,5.1157,0.025128749774562642
2009-11-20,5.0821,-0.006568016107277741
2009-11-19,5.1157,0.006611440152692931
2009-11-18,5.2502,0.02629161209609634
2009-11-17,5.2441,-0.0011618605005523587
2009-11-16,5.3328,0.01691424648652759
2009-11-13,5.0637,-0.05046129612961294
